experiment,variant,epoch,train_loss,train_acc,lr,timestamp
corrupted_training,cbam,1,1.7442025619888306,0.34532,0.1,2026-09-22 16:15:30
corrupted_training,cbam,2,1.3131128621673585,0.52464,0.09997532801828658,2026-09-22 16:16:18
corrupted_training,cbam,3,1.069266616897583,0.61864,0.09990133642141358,2026-09-22 16:17:05
corrupted_training,cbam,4,0.9386540974998474,0.66954,0.099778098230154,2026-09-22 16:17:52
corrupted_training,cbam,5,0.8485027467155457,0.70286,0.0996057350657239,2026-09-22 16:18:39
corrupted_training,cbam,6,0.7840587402153015,0.72638,0.09938441702975688,2026-09-22 16:19:26
corrupted_training,cbam,7,0.7375483782196045,0.74542,0.09911436253643444,2026-09-22 16:20:13
corrupted_training,cbam,8,0.7022672933769226,0.75666,0.09879583809693737,2026-09-22 16:21:00
corrupted_training,cbam,9,0.6813259246253968,0.76474,0.09842915805643156,2026-09-22 16:21:48
corrupted_training,cbam,10,0.644653398475647,0.77748,0.09801468428384716,2026-09-22 16:22:35
corrupted_training,cbam,11,0.6250017793655396,0.78434,0.09755282581475769,2026-09-22 16:23:22
corrupted_training,cbam,12,0.6085174867630004,0.7891,0.09704403844771128,2026-09-22 16:24:09
corrupted_training,cbam,13,0.593883676776886,0.79434,0.09648882429441258,2026-09-22 16:24:56
corrupted_training,cbam,14,0.5856327383804322,0.79714,0.09588773128419906,2026-09-22 16:25:43
corrupted_training,cbam,15,0.5693963425827027,0.80416,0.09524135262330098,2026-09-22 16:26:30
corrupted_training,cbam,16,0.559806023387909,0.80872,0.0945503262094184,2026-09-22 16:27:17
corrupted_training,cbam,17,0.5574312355995178,0.80914,0.09381533400219319,2026-09-22 16:28:05
corrupted_training,cbam,18,0.5457032486534119,0.81158,0.0930371013501972,2026-09-22 16:28:52
corrupted_training,cbam,19,0.5407159008979797,0.81466,0.09221639627510078,2026-09-22 16:29:39
corrupted_training,cbam,20,0.5268804204368591,0.8186,0.09135402871372812,2026-09-22 16:30:26
corrupted_training,cbam,21,0.5283072234725952,0.81752,0.09045084971874741,2026-09-22 16:31:13
corrupted_training,cbam,22,0.5199787853813171,0.82188,0.08950775061878455,2026-09-22 16:32:00
corrupted_training,cbam,23,0.5122253258132935,0.82452,0.08852566213878948,2026-09-22 16:32:47
corrupted_training,cbam,24,0.5054224217796326,0.82496,0.087505553481523,2026-09-22 16:33:34
corrupted_training,cbam,25,0.5061825277900696,0.82494,0.0864484313710706,2026-09-22 16:34:21
corrupted_training,cbam,26,0.4982669503211975,0.82872,0.08535533905932739,2026-09-22 16:35:09
corrupted_training,cbam,27,0.4915442855644226,0.83234,0.08422735529643445,2026-09-22 16:36:08
corrupted_training,cbam,28,0.4905001537036896,0.83184,0.08306559326618261,2026-09-22 16:37:09
corrupted_training,cbam,29,0.48508111232757567,0.8327,0.0818711994874345,2026-09-22 16:38:12
corrupted_training,cbam,30,0.48080276359558105,0.83472,0.08064535268264884,2026-09-22 16:39:13
corrupted_training,cbam,31,0.4723916180896759,0.83968,0.07938926261462369,2026-09-22 16:40:11
corrupted_training,cbam,32,0.4719610972213745,0.83706,0.07810416889260656,2026-09-22 16:41:11
corrupted_training,cbam,33,0.4703364289093018,0.838,0.07679133974894985,2026-09-22 16:42:09
corrupted_training,cbam,34,0.46084902581214904,0.8416,0.07545207078751859,2026-09-22 16:43:07
corrupted_training,cbam,35,0.45683942207336425,0.84226,0.07408768370508578,2026-09-22 16:44:10
corrupted_training,cbam,36,0.4499625543785095,0.84458,0.07269952498697736,2026-09-22 16:45:10
corrupted_training,cbam,37,0.44701809926986696,0.84736,0.07128896457825365,2026-09-22 16:46:12
corrupted_training,cbam,38,0.4422110639953613,0.84904,0.06985739453173904,2026-09-22 16:47:13
corrupted_training,cbam,39,0.4371483373451233,0.84892,0.06840622763423393,2026-09-22 16:48:02
corrupted_training,cbam,40,0.42950190935134885,0.85202,0.0669368960122646,2026-09-22 16:48:49
corrupted_training,cbam,41,0.42923972150802614,0.8538,0.0654508497187474,2026-09-22 16:49:36
corrupted_training,cbam,42,0.4211580914878845,0.85644,0.0639495553019615,2026-09-22 16:50:23
corrupted_training,cbam,43,0.419729299325943,0.85678,0.06243449435824276,2026-09-22 16:51:11
corrupted_training,cbam,44,0.41199131890296936,0.8573,0.060907162069827166,2026-09-22 16:51:58
corrupted_training,cbam,45,0.40401232501029966,0.86182,0.059369065729286276,2026-09-22 16:52:45
corrupted_training,cbam,46,0.40447566585540773,0.85942,0.057821723252011584,2026-09-22 16:53:32
corrupted_training,cbam,47,0.394171532535553,0.8646,0.05626666167821526,2026-09-22 16:54:19
corrupted_training,cbam,48,0.3891326340675354,0.86458,0.054705415665925745,2026-09-22 16:55:06
corrupted_training,cbam,49,0.387849110622406,0.86712,0.05313952597646571,2026-09-22 16:55:53
corrupted_training,cbam,50,0.3777138583946228,0.87052,0.051570537953906447,2026-09-22 16:56:40
corrupted_training,cbam,51,0.3720711281871796,0.8727,0.05000000000000003,2026-09-22 16:57:27
corrupted_training,cbam,52,0.37012158861160277,0.8737,0.048429462046093615,2026-09-22 16:58:14
corrupted_training,cbam,53,0.3656258648967743,0.87366,0.04686047402353436,2026-09-22 16:59:01
corrupted_training,cbam,54,0.3589371334934235,0.87734,0.04529458433407431,2026-09-22 16:59:48
corrupted_training,cbam,55,0.3559693206977844,0.8786,0.04373333832178482,2026-09-22 17:00:35
corrupted_training,cbam,56,0.3474906171512604,0.88034,0.04217827674798848,2026-09-22 17:01:22
corrupted_training,cbam,57,0.33996121636390686,0.88348,0.04063093427071379,2026-09-22 17:02:12
corrupted_training,cbam,58,0.33957100843429566,0.883,0.03909283793017291,2026-09-22 17:02:59
corrupted_training,cbam,59,0.3312931846046448,0.88518,0.03756550564175728,2026-09-22 17:03:46
corrupted_training,cbam,60,0.32289076731681826,0.88898,0.036050444698038565,2026-09-22 17:04:33
corrupted_training,cbam,61,0.3180736754512787,0.88946,0.03454915028125267,2026-09-22 17:05:20
corrupted_training,cbam,62,0.3081380422782898,0.89492,0.03306310398773545,2026-09-22 17:06:08
corrupted_training,cbam,63,0.3080936048412323,0.89406,0.03159377236576614,2026-09-22 17:06:54
corrupted_training,cbam,64,0.2980640338420868,0.8979,0.030142605468260985,2026-09-22 17:07:42
corrupted_training,cbam,65,0.28952552169799806,0.90108,0.028711035421746387,2026-09-22 17:08:29
corrupted_training,cbam,66,0.2878113677024841,0.90052,0.02730047501302268,2026-09-22 17:09:16
corrupted_training,cbam,67,0.2759697310209274,0.90484,0.025912316294914247,2026-09-22 17:10:03
corrupted_training,cbam,68,0.27280514631271363,0.90674,0.024547929212481452,2026-09-22 17:10:50
corrupted_training,cbam,69,0.26125735776901243,0.91086,0.023208660251050173,2026-09-22 17:11:37
corrupted_training,cbam,70,0.2553241478061676,0.912,0.02189583110739348,2026-09-22 17:12:24
corrupted_training,cbam,71,0.24730073203086853,0.91506,0.020610737385376363,2026-09-22 17:13:11
corrupted_training,cbam,72,0.23779131433486939,0.91848,0.019354647317351183,2026-09-22 17:14:10
corrupted_training,cbam,73,0.23449703659057616,0.91978,0.018128800512565525,2026-09-22 17:15:12
corrupted_training,cbam,74,0.2244128009414673,0.9223,0.016934406733817426,2026-09-22 17:16:10
corrupted_training,cbam,75,0.21709662466049195,0.92648,0.015772644703565576,2026-09-22 17:17:04
corrupted_training,cbam,76,0.20782872507095337,0.92832,0.014644660940672639,2026-09-22 17:17:51
corrupted_training,cbam,77,0.20028938852787018,0.93122,0.013551568628929445,2026-09-22 17:18:38
corrupted_training,cbam,78,0.19657475192070006,0.93356,0.012494446518477037,2026-09-22 17:19:25
corrupted_training,cbam,79,0.18751531424045562,0.93592,0.011474337861210554,2026-09-22 17:20:12
corrupted_training,cbam,80,0.17673980743408202,0.94088,0.01049224938121549,2026-09-22 17:20:59
corrupted_training,cbam,81,0.16493526257991792,0.94432,0.009549150281252642,2026-09-22 17:21:46
corrupted_training,cbam,82,0.16169309660434722,0.94554,0.008645971286271927,2026-09-22 17:22:33
corrupted_training,cbam,83,0.1534610281276703,0.949,0.007783603724899264,2026-09-22 17:23:20
corrupted_training,cbam,84,0.14580314037322997,0.95196,0.006962898649802819,2026-09-22 17:24:07
corrupted_training,cbam,85,0.1352434259366989,0.9568,0.0061846659978068265,2026-09-22 17:25:06
corrupted_training,cbam,86,0.1321155998134613,0.95684,0.005449673790581615,2026-09-22 17:26:04
corrupted_training,cbam,87,0.12866767407894134,0.9586,0.004758647376699036,2026-09-22 17:27:07
corrupted_training,cbam,88,0.11690912032604217,0.96226,0.004112268715800957,2026-09-22 17:28:06
corrupted_training,cbam,89,0.11133445573806763,0.96392,0.003511175705587435,2026-09-22 17:29:08
corrupted_training,cbam,90,0.10484829290390014,0.9669,0.0029559615522887295,2026-09-22 17:30:10
corrupted_training,cbam,91,0.10093203644275665,0.96834,0.0024471741852423253,2026-09-22 17:31:05
corrupted_training,cbam,92,0.09965452850818635,0.96874,0.0019853157161528537,2026-09-22 17:32:00
corrupted_training,cbam,93,0.09461473328828812,0.9709,0.0015708419435684529,2026-09-22 17:33:00
corrupted_training,cbam,94,0.08875097362518311,0.97338,0.0012041619030626347,2026-09-22 17:33:59
corrupted_training,cbam,95,0.08386024684667587,0.97452,0.0008856374635655646,2026-09-22 17:34:53
corrupted_training,cbam,96,0.08735217683315277,0.97318,0.0006155829702431174,2026-09-22 17:35:40
corrupted_training,cbam,97,0.08361291195511818,0.97534,0.00039426493427611206,2026-09-22 17:36:27
corrupted_training,cbam,98,0.08338301881313324,0.97488,0.00022190176984600036,2026-09-22 17:37:15
corrupted_training,cbam,99,0.08103933043003082,0.97596,9.866357858642213e-05,2026-09-22 17:38:03
corrupted_training,cbam,100,0.08301967533111572,0.97448,2.4671981713420017e-05,2026-09-22 17:38:50
