variant,epoch,train_loss,train_acc,lr,timestamp,val_loss,val_acc
se,1,1.5397645226287842,0.42698,0.1,2026-09-22 22:39:29,1.5430834251403809,0.4567
se,2,1.0730603285217286,0.61324,0.09997532801828658,2026-09-22 22:43:11,1.0653452192306518,0.6177
se,3,0.8776328703689575,0.68516,0.09990133642141358,2026-09-22 22:46:53,1.1327454080581665,0.6175
se,4,0.7669475949668885,0.72862,0.099778098230154,2026-09-22 22:50:34,1.1930991497039796,0.6164
se,5,0.6775549686813355,0.7614,0.0996057350657239,2026-09-22 22:54:14,0.9512775776863098,0.6871
se,6,0.6072630070877075,0.79064,0.09938441702975688,2026-09-22 22:57:55,0.7823976455688476,0.7248
se,7,0.5656247694206238,0.80622,0.09911436253643444,2026-09-22 23:01:36,0.9077062909126282,0.7157
se,8,0.5358045932579041,0.81598,0.09879583809693737,2026-09-22 23:05:18,0.8288530179023743,0.7339
se,9,0.5096457077789307,0.82498,0.09842915805643156,2026-09-22 23:09:00,0.781636463546753,0.7367
se,10,0.4938130411911011,0.83104,0.09801468428384716,2026-09-22 23:12:40,0.6826763887405396,0.7785
se,11,0.47560804149627683,0.83536,0.09755282581475769,2026-09-22 23:16:20,0.6701502813339233,0.7782
se,12,0.46283922872543337,0.8412,0.09704403844771128,2026-09-22 23:20:01,0.6919276656150818,0.7709
se,13,0.4500263839054108,0.8459,0.09648882429441258,2026-09-22 23:23:42,0.6349598742485046,0.7823
se,14,0.4335155878829956,0.85136,0.09588773128419906,2026-09-22 23:27:24,0.5575936294555665,0.8053
se,15,0.4217874517154694,0.85516,0.09524135262330098,2026-09-22 23:31:06,0.7735096025466919,0.7551
se,16,0.42153785334587096,0.85564,0.0945503262094184,2026-09-22 23:34:48,0.6025484407424927,0.7979
se,17,0.4007977755689621,0.86254,0.09381533400219319,2026-09-22 23:38:30,0.5972291449546814,0.7972
se,18,0.4010394804763794,0.86202,0.0930371013501972,2026-09-22 23:42:14,0.5759715450763703,0.8057
se,19,0.39641889430999755,0.8639,0.09221639627510078,2026-09-22 23:45:56,0.46999465260505674,0.838
se,20,0.3931715559196472,0.86474,0.09135402871372812,2026-09-22 23:49:41,0.6406776284217834,0.7906
se,21,0.3840218189620972,0.86844,0.09045084971874741,2026-09-22 23:53:25,0.5398034417629242,0.8133
se,22,0.37865879098892213,0.86942,0.08950775061878455,2026-09-22 23:57:08,0.5559272413253784,0.8166
se,23,0.3750825190925598,0.87046,0.08852566213878948,2026-09-23 00:00:57,0.6199725315093995,0.7961
se,24,0.3660770273017883,0.87488,0.087505553481523,2026-09-23 00:04:44,0.6580663723945618,0.7829
se,25,0.36574794273376465,0.87348,0.0864484313710706,2026-09-23 00:08:27,0.9605754039764405,0.7201
se,26,0.35664527933120727,0.87812,0.08535533905932739,2026-09-23 00:12:11,0.554398545408249,0.8192
se,27,0.35546310649871826,0.87752,0.08422735529643445,2026-09-23 00:15:53,0.4782280288219452,0.8449
se,28,0.3505766177177429,0.88142,0.08306559326618261,2026-09-23 00:19:35,0.6448152311325073,0.791
se,29,0.3434967221736908,0.88348,0.0818711994874345,2026-09-23 00:23:18,0.5536149138450622,0.8189
se,30,0.3420865500545502,0.882,0.08064535268264884,2026-09-23 00:27:01,0.5391555667877197,0.8198
se,31,0.33324163837432863,0.88504,0.07938926261462369,2026-09-23 00:30:43,0.46605736932754516,0.8425
se,32,0.3376448115634918,0.88316,0.07810416889260656,2026-09-23 00:34:26,0.46982633657455447,0.8435
se,33,0.33003305521965026,0.88738,0.07679133974894985,2026-09-23 00:38:09,0.4756931953907013,0.8407
se,34,0.3230690005970001,0.88968,0.07545207078751859,2026-09-23 00:41:51,0.6335539084434509,0.7886
se,35,0.3215027431440353,0.88908,0.07408768370508578,2026-09-23 00:45:33,0.4501715746402741,0.8484
se,36,0.31463022305488586,0.89168,0.07269952498697736,2026-09-23 00:49:14,0.5451466579437256,0.8202
se,37,0.3171978245258331,0.89124,0.07128896457825365,2026-09-23 00:52:56,0.5765424863815307,0.8168
se,38,0.30847703645706176,0.89342,0.06985739453173904,2026-09-23 00:56:37,0.4003368536949158,0.8629
se,39,0.3028383485889435,0.89662,0.06840622763423393,2026-09-23 01:00:18,0.905671312713623,0.7273
se,40,0.2967967086791992,0.89868,0.0669368960122646,2026-09-23 01:03:59,0.4785687889099121,0.8454
se,41,0.2963930747127533,0.8987,0.0654508497187474,2026-09-23 01:07:40,0.7840680258750915,0.7611
se,42,0.2982962344074249,0.89652,0.0639495553019615,2026-09-23 01:11:20,0.46037768793106076,0.844
se,43,0.2849694524383545,0.9011,0.06243449435824276,2026-09-23 01:15:00,0.483858043050766,0.843
se,44,0.28382919549942015,0.90198,0.060907162069827166,2026-09-23 01:18:40,0.49478864827156066,0.836
se,45,0.27627481817245486,0.90438,0.059369065729286276,2026-09-23 01:22:20,0.5347045903205871,0.824
se,46,0.2690708160400391,0.90846,0.057821723252011584,2026-09-23 01:26:02,0.5110719168663025,0.8369
se,47,0.26879595971107484,0.90712,0.05626666167821526,2026-09-23 01:29:44,0.49514743537902833,0.8401
se,48,0.26299635684967043,0.90962,0.054705415665925745,2026-09-23 01:33:25,0.6822812934875488,0.786
se,49,0.26015258966445926,0.9101,0.05313952597646571,2026-09-23 01:37:06,0.42263447432518003,0.8579
se,50,0.2536399313211441,0.9145,0.051570537953906447,2026-09-23 01:40:47,0.48133428106307985,0.843
se,51,0.2494920998573303,0.91334,0.05000000000000003,2026-09-23 01:44:29,0.5373946184158325,0.8136
se,52,0.24360863973617553,0.9145,0.048429462046093615,2026-09-23 01:48:10,0.3946467933177948,0.8707
se,53,0.24177209461688995,0.9175,0.04686047402353436,2026-09-23 01:51:53,0.42456826419830324,0.8622
se,54,0.2317664280128479,0.919,0.04529458433407431,2026-09-23 01:55:36,0.4171237312793732,0.8604
se,55,0.22839471242904663,0.92176,0.04373333832178482,2026-09-23 01:59:18,0.4475903123378754,0.8545
se,56,0.21847724467277527,0.92494,0.04217827674798848,2026-09-23 02:02:59,0.4270438796043396,0.8524
se,57,0.22073055515289305,0.92458,0.04063093427071379,2026-09-23 02:06:41,0.5128103096008301,0.8319
se,58,0.21597704628944397,0.92562,0.03909283793017291,2026-09-23 02:10:22,0.6547709765434265,0.8051
se,59,0.20203562557220459,0.93088,0.03756550564175728,2026-09-23 02:14:05,0.33025576555728914,0.8897
se,60,0.20135689817905425,0.93032,0.036050444698038565,2026-09-23 02:17:44,0.3494828546524048,0.8824
se,61,0.19275674105644225,0.93314,0.03454915028125267,2026-09-23 02:21:25,0.38316775360107425,0.8762
se,62,0.1858041580581665,0.93584,0.03306310398773545,2026-09-23 02:25:05,0.362628245639801,0.8801
se,63,0.17935703451633453,0.93884,0.03159377236576614,2026-09-23 02:28:45,0.40014606003761294,0.8695
se,64,0.17826825561523438,0.93884,0.030142605468260985,2026-09-23 02:32:25,0.35223919007778165,0.8855
se,65,0.1644765219306946,0.94462,0.028711035421746387,2026-09-23 02:36:06,0.36835693004131315,0.8841
se,66,0.16124868428230285,0.9457,0.02730047501302268,2026-09-23 02:39:47,0.36217817437648775,0.8807
se,67,0.1535409042930603,0.94802,0.025912316294914247,2026-09-23 02:43:28,0.36532366008758543,0.8839
se,68,0.14938749621868133,0.94858,0.024547929212481452,2026-09-23 02:47:09,0.37565748233795165,0.8801
se,69,0.14279796055078506,0.95094,0.023208660251050173,2026-09-23 02:50:53,0.3503503486633301,0.8857
se,70,0.13466535496711732,0.95446,0.02189583110739348,2026-09-23 02:54:36,0.3601011710166931,0.8868
se,71,0.12742889375686645,0.957,0.020610737385376363,2026-09-23 02:58:19,0.2946152925491333,0.9077
se,72,0.11499294277668,0.9618,0.019354647317351183,2026-09-23 03:02:01,0.33419761962890626,0.8935
se,73,0.1094614856338501,0.96418,0.018128800512565525,2026-09-23 03:05:42,0.3001423491001129,0.9092
se,74,0.1061933854007721,0.96508,0.016934406733817426,2026-09-23 03:09:24,0.3132288035392761,0.9033
se,75,0.09660022965431213,0.969,0.015772644703565576,2026-09-23 03:13:06,0.31560356702804565,0.9008
se,76,0.0916434662771225,0.97012,0.014644660940672639,2026-09-23 03:16:46,0.3182821333885193,0.9034
se,77,0.08131576306819915,0.97398,0.013551568628929445,2026-09-23 03:20:28,0.2982184782505035,0.9091
se,78,0.07454581419944763,0.9767,0.012494446518477037,2026-09-23 03:24:10,0.2807751929759979,0.9142
se,79,0.06529896774053573,0.98072,0.011474337861210554,2026-09-23 03:27:51,0.2736903664112091,0.9155
se,80,0.06212380046725273,0.98146,0.01049224938121549,2026-09-23 03:31:32,0.260034974193573,0.9204
se,81,0.054665304624438284,0.98408,0.009549150281252642,2026-09-23 03:35:14,0.2671912738800049,0.9186
se,82,0.048505232567787174,0.98668,0.008645971286271927,2026-09-23 03:38:55,0.2525318440914154,0.9213
se,83,0.042658321586847306,0.98894,0.007783603724899264,2026-09-23 03:42:37,0.23747011847496033,0.9268
se,84,0.0376904652762413,0.99066,0.006962898649802819,2026-09-23 03:46:19,0.2439147352218628,0.9248
se,85,0.032945097703933716,0.99252,0.0061846659978068265,2026-09-23 03:50:02,0.23774996671676635,0.9274
se,86,0.028058533191680907,0.9941,0.005449673790581615,2026-09-23 03:53:45,0.2366485456943512,0.9278
se,87,0.024208828518688677,0.99578,0.004758647376699036,2026-09-23 03:57:27,0.22729418168067933,0.9325
se,88,0.022278271126747132,0.99624,0.004112268715800957,2026-09-23 04:01:08,0.22945800156593324,0.9293
se,89,0.02066107593536377,0.99666,0.003511175705587435,2026-09-23 04:04:49,0.22451220865249633,0.9326
se,90,0.018695311993360518,0.99754,0.0029559615522887295,2026-09-23 04:08:30,0.22630493865013124,0.9317
se,91,0.01776878736525774,0.99778,0.0024471741852423253,2026-09-23 04:12:11,0.2184935845375061,0.9326
se,92,0.017125127274990083,0.998,0.0019853157161528537,2026-09-23 04:15:52,0.22078483028411866,0.9311
se,93,0.016261683858633042,0.99828,0.0015708419435684529,2026-09-23 04:19:32,0.22111071515083314,0.9314
se,94,0.014876046242713927,0.99848,0.0012041619030626347,2026-09-23 04:23:13,0.22066832542419434,0.9335
se,95,0.014174727687835693,0.9985,0.0008856374635655646,2026-09-23 04:26:56,0.220517142868042,0.9335
se,96,0.013894820630550385,0.99886,0.0006155829702431174,2026-09-23 04:30:37,0.21912873845100403,0.9336
se,97,0.013957567573487758,0.99862,0.00039426493427611206,2026-09-23 04:34:18,0.21953294415473937,0.9322
se,98,0.013700828335881233,0.99888,0.00022190176984600036,2026-09-23 04:37:58,0.2196940616607666,0.9341
se,99,0.013799565351903438,0.99894,9.866357858642213e-05,2026-09-23 04:41:38,0.21856860213279725,0.9336
se,100,0.013362182564139366,0.99892,2.4671981713420017e-05,2026-09-23 04:45:18,0.2198916868209839,0.933
