attention_variant,corruption,severity,attention_accuracy,none_accuracy,gain_vs_none
se,brightness,1,0.9334666666666667,0.9289666666666667,0.0044999999999999485
bam,brightness,1,0.9388666666666666,0.9289666666666667,0.009899999999999909
cbam,brightness,1,0.9305666666666667,0.9289666666666667,0.0015999999999999348
se,brightness,2,0.9335333333333333,0.9284666666666667,0.005066666666666664
bam,brightness,2,0.9394,0.9284666666666667,0.01093333333333335
cbam,brightness,2,0.9304333333333333,0.9284666666666667,0.001966666666666672
se,brightness,3,0.9319,0.9268000000000001,0.005099999999999882
bam,brightness,3,0.9378,0.9268000000000001,0.010999999999999899
cbam,brightness,3,0.9279666666666666,0.9268000000000001,0.0011666666666665382
se,brightness,4,0.9285333333333333,0.9235,0.005033333333333334
bam,brightness,4,0.9345,0.9235,0.01100000000000001
cbam,brightness,4,0.9249666666666667,0.9235,0.0014666666666667272
se,brightness,5,0.9184333333333333,0.9127000000000001,0.005733333333333257
bam,brightness,5,0.9271666666666667,0.9127000000000001,0.014466666666666628
cbam,brightness,5,0.9171,0.9127000000000001,0.0043999999999999595
se,contrast,1,0.9347666666666666,0.9313,0.003466666666666618
bam,contrast,1,0.9405,0.9313,0.009199999999999986
cbam,contrast,1,0.9310666666666667,0.9313,-0.00023333333333330764
se,contrast,2,0.9323333333333333,0.9291333333333334,0.0031999999999999806
bam,contrast,2,0.9396,0.9291333333333334,0.010466666666666624
cbam,contrast,2,0.9306,0.9291333333333334,0.0014666666666666162
se,contrast,3,0.9319333333333334,0.9273333333333333,0.0046000000000000485
bam,contrast,3,0.9389666666666666,0.9273333333333333,0.011633333333333273
cbam,contrast,3,0.9293666666666667,0.9273333333333333,0.0020333333333333314
se,contrast,4,0.9307,0.925,0.005699999999999927
bam,contrast,4,0.9363666666666667,0.925,0.011366666666666636
cbam,contrast,4,0.9279333333333333,0.925,0.0029333333333332323
se,contrast,5,0.9206666666666666,0.9118666666666667,0.008799999999999919
bam,contrast,5,0.9263,0.9118666666666667,0.014433333333333298
cbam,contrast,5,0.9179999999999999,0.9118666666666667,0.006133333333333213
se,defocus_blur,1,0.9323666666666667,0.9293,0.003066666666666662
bam,defocus_blur,1,0.9386666666666666,0.9293,0.009366666666666634
cbam,defocus_blur,1,0.9304333333333333,0.9293,0.0011333333333333195
se,defocus_blur,2,0.9326333333333333,0.9285,0.004133333333333322
bam,defocus_blur,2,0.9397333333333333,0.9285,0.011233333333333317
cbam,defocus_blur,2,0.9303,0.9285,0.0018000000000000238
se,defocus_blur,3,0.9285666666666667,0.9256,0.002966666666666673
bam,defocus_blur,3,0.9371,0.9256,0.011500000000000066
cbam,defocus_blur,3,0.9277,0.9256,0.0020999999999999908
se,defocus_blur,4,0.9210333333333334,0.9153333333333333,0.005700000000000038
bam,defocus_blur,4,0.9299,0.9153333333333333,0.014566666666666617
cbam,defocus_blur,4,0.9203666666666667,0.9153333333333333,0.005033333333333334
se,defocus_blur,5,0.9008333333333334,0.8951333333333333,0.005700000000000038
bam,defocus_blur,5,0.9103333333333333,0.8951333333333333,0.015199999999999991
cbam,defocus_blur,5,0.9031,0.8951333333333333,0.007966666666666677
se,elastic_transform,1,0.9136,0.9092333333333333,0.00436666666666663
bam,elastic_transform,1,0.9200666666666667,0.9092333333333333,0.010833333333333361
cbam,elastic_transform,1,0.9117333333333334,0.9092333333333333,0.0025000000000000577
se,elastic_transform,2,0.9145,0.9124,0.0020999999999999908
bam,elastic_transform,2,0.9235666666666666,0.9124,0.011166666666666658
cbam,elastic_transform,2,0.9142,0.9124,0.0018000000000000238
se,elastic_transform,3,0.9094333333333333,0.9062666666666667,0.003166666666666651
bam,elastic_transform,3,0.92,0.9062666666666667,0.013733333333333375
cbam,elastic_transform,3,0.9099666666666667,0.9062666666666667,0.0037000000000000366
se,elastic_transform,4,0.8807,0.8740666666666667,0.00663333333333338
bam,elastic_transform,4,0.8929333333333334,0.8740666666666667,0.018866666666666698
cbam,elastic_transform,4,0.8805999999999999,0.8740666666666667,0.00653333333333328
se,elastic_transform,5,0.8388333333333333,0.8311333333333333,0.00770000000000004
bam,elastic_transform,5,0.8538666666666667,0.8311333333333333,0.022733333333333383
cbam,elastic_transform,5,0.8408333333333333,0.8311333333333333,0.009700000000000042
