variant,condition,severity,mean_accuracy,sd,degradation_from_clean
none,clean,0,0.9297333333333333,0.0015627610892974889,0.0
none,brightness,1,0.9289666666666667,0.002221611027060234,0.0007666666666665822
none,brightness,2,0.9284666666666667,0.0029780679792256043,0.0012666666666666382
none,brightness,3,0.9268000000000001,0.0015895492023421953,0.0029333333333332323
none,brightness,4,0.9235,0.0010801234497346273,0.006233333333333313
none,brightness,5,0.9127000000000001,0.0013140268896284614,0.017033333333333234
none,contrast,1,0.9313,0.002772483844257114,-0.0015666666666667162
none,contrast,2,0.9291333333333334,0.0023170862929310573,0.0005999999999999339
none,contrast,3,0.9273333333333333,0.002522344588318999,0.0023999999999999577
none,contrast,4,0.925,0.0028577380332470695,0.004733333333333256
none,contrast,5,0.9118666666666667,0.002362672686222581,0.017866666666666586
none,defocus_blur,1,0.9293,0.0016673332000533118,0.0004333333333332856
none,defocus_blur,2,0.9285,0.0015297058540778557,0.0012333333333333085
none,defocus_blur,3,0.9256,0.000711805216802113,0.004133333333333322
none,defocus_blur,4,0.9153333333333333,0.0013960261060914643,0.014399999999999968
none,defocus_blur,5,0.8951333333333333,0.0014197026292697877,0.034599999999999964
none,elastic_transform,1,0.9092333333333333,0.0011897712198383234,0.020499999999999963
none,elastic_transform,2,0.9124,0.00014142135623729392,0.01733333333333331
none,elastic_transform,3,0.9062666666666667,0.0005185449728701301,0.023466666666666636
none,elastic_transform,4,0.8740666666666667,0.0009843215373488753,0.05566666666666664
none,elastic_transform,5,0.8311333333333333,0.0022171052197754696,0.09860000000000002
se,clean,0,0.9334666666666667,0.0014974051630144017,0.0
se,brightness,1,0.9334666666666667,0.0008730533902472614,0.0
se,brightness,2,0.9335333333333333,0.0016739839372652686,-6.666666666665932e-05
se,brightness,3,0.9319,0.0019815818596935876,0.0015666666666667162
se,brightness,4,0.9285333333333333,0.0005312459150170064,0.004933333333333345
se,brightness,5,0.9184333333333333,0.0014817407180595162,0.015033333333333343
se,contrast,1,0.9347666666666666,0.0007930251502247001,-0.0012999999999999678
se,contrast,2,0.9323333333333333,0.0007930251502246893,0.0011333333333333195
se,contrast,3,0.9319333333333334,0.0013274871834493165,0.0015333333333332755
se,contrast,4,0.9307,0.001902629759044061,0.002766666666666695
se,contrast,5,0.9206666666666666,0.0022528993664954317,0.012800000000000034
se,defocus_blur,1,0.9323666666666667,0.0010338708279513638,0.0010999999999999899
se,defocus_blur,2,0.9326333333333333,0.0007363574011458267,0.0008333333333333526
se,defocus_blur,3,0.9285666666666667,0.0015860503004493786,0.0049000000000000155
se,defocus_blur,4,0.9210333333333334,0.00046427960923946997,0.012433333333333296
se,defocus_blur,5,0.9008333333333334,0.0008993825042154609,0.03263333333333329
se,elastic_transform,1,0.9136,0.0018457157599876223,0.0198666666666667
se,elastic_transform,2,0.9145,0.0005715476066494359,0.018966666666666687
se,elastic_transform,3,0.9094333333333333,0.0014383632673594074,0.02403333333333335
se,elastic_transform,4,0.8807,0.0022553639765382828,0.05276666666666663
se,elastic_transform,5,0.8388333333333333,0.0022231109334044036,0.09463333333333335
bam,clean,0,0.9389333333333333,0.0004988876515698534,0.0
bam,brightness,1,0.9388666666666666,0.0007845734863959912,6.666666666665932e-05
bam,brightness,2,0.9394,0.00021602468994690488,-0.0004666666666667263
bam,brightness,3,0.9378,0.0008164965809277267,0.0011333333333333195
bam,brightness,4,0.9345,0.0016083117442419873,0.004433333333333289
bam,brightness,5,0.9271666666666667,0.0011785113019776065,0.011766666666666592
bam,contrast,1,0.9405,0.0010677078252031174,-0.0015666666666667162
bam,contrast,2,0.9396,0.001639105447085875,-0.0006666666666667043
bam,contrast,3,0.9389666666666666,0.002397684067780605,-3.333333333332966e-05
bam,contrast,4,0.9363666666666667,0.003519785346990507,0.002566666666666606
bam,contrast,5,0.9263,0.0013952299690971168,0.012633333333333274
bam,defocus_blur,1,0.9386666666666666,0.0011469767022723142,0.0002666666666666373
bam,defocus_blur,2,0.9397333333333333,0.0015860503004493894,-0.0008000000000000229
bam,defocus_blur,3,0.9371,0.0005354126134736162,0.0018333333333332424
bam,defocus_blur,4,0.9299,0.0007483314773547553,0.009033333333333338
bam,defocus_blur,5,0.9103333333333333,0.0007586537784494021,0.02859999999999996
bam,elastic_transform,1,0.9200666666666667,0.0004642796092394567,0.018866666666666587
bam,elastic_transform,2,0.9235666666666666,0.0007760297817881928,0.01536666666666664
bam,elastic_transform,3,0.92,0.0017962924780410261,0.018933333333333247
bam,elastic_transform,4,0.8929333333333334,0.0020997354330698245,0.04599999999999993
bam,elastic_transform,5,0.8538666666666667,0.0029578520735305362,0.08506666666666662
cbam,clean,0,0.9298333333333334,0.0011323525167642155,0.0
cbam,brightness,1,0.9305666666666667,0.0008055363982396322,-0.0007333333333332526
cbam,brightness,2,0.9304333333333333,0.000524933858267448,-0.0005999999999999339
cbam,brightness,3,0.9279666666666666,0.0008259674462242714,0.0018666666666667941
cbam,brightness,4,0.9249666666666667,0.0019601587237318596,0.004866666666666686
cbam,brightness,5,0.9171,0.002628053779256923,0.012733333333333374
cbam,contrast,1,0.9310666666666667,0.001114550233153378,-0.0012333333333333085
cbam,contrast,2,0.9306,0.000668331255192129,-0.0007666666666665822
cbam,contrast,3,0.9293666666666667,0.001211977264179861,0.0004666666666667263
cbam,contrast,4,0.9279333333333333,0.0014197026292697712,0.0019000000000001238
cbam,contrast,5,0.9179999999999999,0.0008485281374238683,0.011833333333333473
cbam,defocus_blur,1,0.9304333333333333,0.0007039570693981077,-0.0005999999999999339
cbam,defocus_blur,2,0.9303,0.0017720045146669258,-0.00046666666666661527
cbam,defocus_blur,3,0.9277,0.0008602325267042583,0.0021333333333334314
cbam,defocus_blur,4,0.9203666666666667,0.0011323525167642155,0.009466666666666734
cbam,defocus_blur,5,0.9031,0.0007257180352359149,0.026733333333333387
cbam,elastic_transform,1,0.9117333333333334,0.0006236095644623044,0.018100000000000005
cbam,elastic_transform,2,0.9142,0.0009092121131323798,0.015633333333333388
cbam,elastic_transform,3,0.9099666666666667,0.001541283736226221,0.0198666666666667
cbam,elastic_transform,4,0.8805999999999999,0.0006377042156569484,0.04923333333333346
cbam,elastic_transform,5,0.8408333333333333,0.001342468704373491,0.08900000000000008
