variant,training_condition,corruption,severity,mean_accuracy,sd,degradation_from_condition_clean
none,clean_trained,brightness,1,0.9273666666666667,0.0010656244908763583,0.002366666666666628
none,clean_trained,brightness,2,0.9219666666666667,0.0017461067804945228,0.0077666666666665884
none,clean_trained,brightness,3,0.9143333333333333,0.0018624953392932034,0.01539999999999997
none,clean_trained,brightness,4,0.9021333333333333,0.002713341523329178,0.027599999999999958
none,clean_trained,brightness,5,0.8670333333333333,0.004571165667043311,0.06269999999999998
none,clean_trained,contrast,1,0.9225333333333333,0.0013767917618708965,0.007199999999999984
none,clean_trained,contrast,2,0.8768,0.0017682382946499937,0.05293333333333328
none,clean_trained,contrast,3,0.8222,0.003522309848191455,0.10753333333333326
none,clean_trained,contrast,4,0.6994666666666667,0.00516999892542437,0.23026666666666662
none,clean_trained,contrast,5,0.28696666666666665,0.00856984376883395,0.6427666666666667
none,clean_trained,defocus_blur,1,0.9256666666666666,0.0015151090903151056,0.004066666666666663
none,clean_trained,defocus_blur,2,0.9014666666666666,0.0021514852750806586,0.028266666666666662
none,clean_trained,defocus_blur,3,0.8205333333333333,0.0019430788855719701,0.10919999999999996
none,clean_trained,defocus_blur,4,0.6852666666666667,0.00919432191929102,0.2444666666666666
none,clean_trained,defocus_blur,5,0.3869666666666666,0.0056322484162386055,0.5427666666666666
none,clean_trained,elastic_transform,1,0.8623999999999999,0.0017281975195754275,0.06733333333333336
none,clean_trained,elastic_transform,2,0.8591333333333333,0.0023584363935078324,0.0706
none,clean_trained,elastic_transform,3,0.7920333333333334,0.002752372713779042,0.13769999999999993
none,clean_trained,elastic_transform,4,0.7095666666666667,0.006818764958227837,0.22016666666666662
none,clean_trained,elastic_transform,5,0.6604666666666666,0.004739432689913637,0.26926666666666665
none,clean_trained,ALL_CORRUPTIONS,0,0.787215,0.17266705131070414,0.1425183333333333
none,corrupted_trained,brightness,1,0.9289666666666667,0.002221611027060234,-0.0006000000000000449
none,corrupted_trained,brightness,2,0.9284666666666667,0.0029780679792256043,-9.999999999998899e-05
none,corrupted_trained,brightness,3,0.9268000000000001,0.0015895492023421953,0.0015666666666666051
none,corrupted_trained,brightness,4,0.9235,0.0010801234497346273,0.004866666666666686
none,corrupted_trained,brightness,5,0.9127000000000001,0.0013140268896284614,0.015666666666666607
none,corrupted_trained,contrast,1,0.9313,0.002772483844257114,-0.0029333333333333433
none,corrupted_trained,contrast,2,0.9291333333333334,0.0023170862929310573,-0.0007666666666666933
none,corrupted_trained,contrast,3,0.9273333333333333,0.002522344588318999,0.0010333333333333306
none,corrupted_trained,contrast,4,0.925,0.0028577380332470695,0.003366666666666629
none,corrupted_trained,contrast,5,0.9118666666666667,0.002362672686222581,0.01649999999999996
none,corrupted_trained,defocus_blur,1,0.9293,0.0016673332000533118,-0.0009333333333333416
none,corrupted_trained,defocus_blur,2,0.9285,0.0015297058540778557,-0.00013333333333331865
none,corrupted_trained,defocus_blur,3,0.9256,0.000711805216802113,0.002766666666666695
none,corrupted_trained,defocus_blur,4,0.9153333333333333,0.0013960261060914643,0.013033333333333341
none,corrupted_trained,defocus_blur,5,0.8951333333333333,0.0014197026292697877,0.03323333333333334
none,corrupted_trained,elastic_transform,1,0.9092333333333333,0.0011897712198383234,0.019133333333333336
none,corrupted_trained,elastic_transform,2,0.9124,0.00014142135623729392,0.015966666666666685
none,corrupted_trained,elastic_transform,3,0.9062666666666667,0.0005185449728701301,0.02210000000000001
none,corrupted_trained,elastic_transform,4,0.8740666666666667,0.0009843215373488753,0.054300000000000015
none,corrupted_trained,elastic_transform,5,0.8311333333333333,0.0022171052197754696,0.0972333333333334
none,corrupted_trained,ALL_CORRUPTIONS,0,0.9136016666666666,0.023526973822024424,0.014765000000000028
se,clean_trained,brightness,1,0.9313666666666667,0.0016336734339790476,0.0020999999999999908
se,clean_trained,brightness,2,0.9251,0.0014966629547095503,0.008366666666666633
se,clean_trained,brightness,3,0.9160333333333334,0.0016579773487261442,0.0174333333333333
se,clean_trained,brightness,4,0.9061,0.0009092121131323798,0.02736666666666665
se,clean_trained,brightness,5,0.8756666666666667,0.002740235188608631,0.05779999999999996
se,clean_trained,contrast,1,0.9245,0.0011045361017186948,0.008966666666666678
se,clean_trained,contrast,2,0.8735666666666667,0.0011469767022723616,0.05989999999999995
se,clean_trained,contrast,3,0.8126333333333333,0.0029169999809545624,0.12083333333333335
se,clean_trained,contrast,4,0.6703666666666667,0.0070343601146246725,0.2631
se,clean_trained,contrast,5,0.2595,0.006509992319503909,0.6739666666666666
se,clean_trained,defocus_blur,1,0.9299666666666667,0.0012657891697364987,0.0034999999999999476
se,clean_trained,defocus_blur,2,0.9114,0.0011045361017186948,0.02206666666666668
se,clean_trained,defocus_blur,3,0.8452000000000001,0.0024097026095903713,0.0882666666666666
se,clean_trained,defocus_blur,4,0.7264,0.005786766512195413,0.20706666666666662
se,clean_trained,defocus_blur,5,0.47863333333333336,0.03583009287673638,0.4548333333333333
se,clean_trained,elastic_transform,1,0.8733,0.002709243436828833,0.0601666666666667
se,clean_trained,elastic_transform,2,0.8713666666666667,0.0017461067804945016,0.06209999999999993
se,clean_trained,elastic_transform,3,0.8186666666666667,0.004317663977456146,0.11480000000000001
se,clean_trained,elastic_transform,4,0.7342333333333333,0.009838812033077078,0.19923333333333337
se,clean_trained,elastic_transform,5,0.6742333333333334,0.005071708018234305,0.2592333333333333
se,clean_trained,ALL_CORRUPTIONS,0,0.7979116666666667,0.168207397867104,0.13555499999999998
se,corrupted_trained,brightness,1,0.9334666666666667,0.0008730533902472614,-0.0013999999999999568
se,corrupted_trained,brightness,2,0.9335333333333333,0.0016739839372652686,-0.0014666666666666162
se,corrupted_trained,brightness,3,0.9319,0.0019815818596935876,0.00016666666666675933
se,corrupted_trained,brightness,4,0.9285333333333333,0.0005312459150170064,0.0035333333333333883
se,corrupted_trained,brightness,5,0.9184333333333333,0.0014817407180595162,0.013633333333333386
se,corrupted_trained,contrast,1,0.9347666666666666,0.0007930251502247001,-0.0026999999999999247
se,corrupted_trained,contrast,2,0.9323333333333333,0.0007930251502246893,-0.0002666666666666373
se,corrupted_trained,contrast,3,0.9319333333333334,0.0013274871834493165,0.00013333333333331865
se,corrupted_trained,contrast,4,0.9307,0.001902629759044061,0.0013666666666667382
se,corrupted_trained,contrast,5,0.9206666666666666,0.0022528993664954317,0.011400000000000077
se,corrupted_trained,defocus_blur,1,0.9323666666666667,0.0010338708279513638,-0.00029999999999996696
se,corrupted_trained,defocus_blur,2,0.9326333333333333,0.0007363574011458267,-0.0005666666666666043
se,corrupted_trained,defocus_blur,3,0.9285666666666667,0.0015860503004493786,0.0035000000000000586
se,corrupted_trained,defocus_blur,4,0.9210333333333334,0.00046427960923946997,0.01103333333333334
se,corrupted_trained,defocus_blur,5,0.9008333333333334,0.0008993825042154609,0.031233333333333335
se,corrupted_trained,elastic_transform,1,0.9136,0.0018457157599876223,0.018466666666666742
se,corrupted_trained,elastic_transform,2,0.9145,0.0005715476066494359,0.01756666666666673
se,corrupted_trained,elastic_transform,3,0.9094333333333333,0.0014383632673594074,0.022633333333333394
se,corrupted_trained,elastic_transform,4,0.8807,0.0022553639765382828,0.05136666666666667
se,corrupted_trained,elastic_transform,5,0.8388333333333333,0.0022231109334044036,0.09323333333333339
se,corrupted_trained,ALL_CORRUPTIONS,0,0.9184383333333334,0.022663311700239712,0.013628333333333353
bam,clean_trained,brightness,1,0.9363333333333334,0.001281492185782751,0.0025999999999999357
bam,clean_trained,brightness,2,0.9322666666666667,0.0008956685895029139,0.006666666666666599
bam,clean_trained,brightness,3,0.9235,0.0006976149845485584,0.015433333333333299
bam,clean_trained,brightness,4,0.9120666666666667,0.0015173075568987767,0.026866666666666594
bam,clean_trained,brightness,5,0.8816,0.002572936066053756,0.057333333333333236
bam,clean_trained,contrast,1,0.9308666666666666,0.001934482417139584,0.008066666666666666
bam,clean_trained,contrast,2,0.8877666666666667,0.0034499597421161913,0.05116666666666658
bam,clean_trained,contrast,3,0.8376333333333333,0.008148755869592721,0.10129999999999995
bam,clean_trained,contrast,4,0.7182666666666667,0.01581567436297159,0.22066666666666657
bam,clean_trained,contrast,5,0.3065333333333333,0.017847004105887236,0.6324
bam,clean_trained,defocus_blur,1,0.9359666666666666,0.0011585431464655287,0.002966666666666673
bam,clean_trained,defocus_blur,2,0.9186,0.002083266665599964,0.020333333333333314
bam,clean_trained,defocus_blur,3,0.8545,0.0007483314773547553,0.08443333333333325
bam,clean_trained,defocus_blur,4,0.7322,0.004120679555607312,0.20673333333333332
bam,clean_trained,defocus_blur,5,0.4326666666666667,0.01117208823611573,0.5062666666666666
bam,clean_trained,elastic_transform,1,0.8798333333333334,0.0031169785940162896,0.05909999999999993
bam,clean_trained,elastic_transform,2,0.8773666666666666,0.0032724438710066512,0.06156666666666666
bam,clean_trained,elastic_transform,3,0.8279666666666666,0.0016357125528513737,0.11096666666666666
bam,clean_trained,elastic_transform,4,0.7397666666666667,0.0038177945931591848,0.1991666666666666
bam,clean_trained,elastic_transform,5,0.6822333333333334,0.007386624548616408,0.25669999999999993
bam,clean_trained,ALL_CORRUPTIONS,0,0.8073966666666667,0.1662056767649315,0.13153666666666664
bam,corrupted_trained,brightness,1,0.9388666666666666,0.0007845734863959912,-0.0013333333333332975
bam,corrupted_trained,brightness,2,0.9394,0.00021602468994690488,-0.0018666666666666831
bam,corrupted_trained,brightness,3,0.9378,0.0008164965809277267,-0.0002666666666666373
bam,corrupted_trained,brightness,4,0.9345,0.0016083117442419873,0.0030333333333333323
bam,corrupted_trained,brightness,5,0.9271666666666667,0.0011785113019776065,0.010366666666666635
bam,corrupted_trained,contrast,1,0.9405,0.0010677078252031174,-0.002966666666666673
bam,corrupted_trained,contrast,2,0.9396,0.001639105447085875,-0.002066666666666661
bam,corrupted_trained,contrast,3,0.9389666666666666,0.002397684067780605,-0.0014333333333332865
bam,corrupted_trained,contrast,4,0.9363666666666667,0.003519785346990507,0.0011666666666666492
bam,corrupted_trained,contrast,5,0.9263,0.0013952299690971168,0.011233333333333317
bam,corrupted_trained,defocus_blur,1,0.9386666666666666,0.0011469767022723142,-0.0011333333333333195
bam,corrupted_trained,defocus_blur,2,0.9397333333333333,0.0015860503004493894,-0.0021999999999999797
bam,corrupted_trained,defocus_blur,3,0.9371,0.0005354126134736162,0.0004333333333332856
bam,corrupted_trained,defocus_blur,4,0.9299,0.0007483314773547553,0.007633333333333381
bam,corrupted_trained,defocus_blur,5,0.9103333333333333,0.0007586537784494021,0.027200000000000002
bam,corrupted_trained,elastic_transform,1,0.9200666666666667,0.0004642796092394567,0.01746666666666663
bam,corrupted_trained,elastic_transform,2,0.9235666666666666,0.0007760297817881928,0.013966666666666683
bam,corrupted_trained,elastic_transform,3,0.92,0.0017962924780410261,0.01753333333333329
bam,corrupted_trained,elastic_transform,4,0.8929333333333334,0.0020997354330698245,0.04459999999999997
bam,corrupted_trained,elastic_transform,5,0.8538666666666667,0.0029578520735305362,0.08366666666666667
bam,corrupted_trained,ALL_CORRUPTIONS,0,0.9262816666666667,0.02047633993716216,0.01125166666666666
cbam,clean_trained,brightness,1,0.9279333333333334,0.0017249798710581004,0.0019000000000000128
cbam,clean_trained,brightness,2,0.9236,0.0026981475126464237,0.006233333333333424
cbam,clean_trained,brightness,3,0.9144666666666666,0.002463511495586906,0.01536666666666675
cbam,clean_trained,brightness,4,0.9032333333333333,0.0017987650084309492,0.026600000000000068
cbam,clean_trained,brightness,5,0.8682,0.003262923024937412,0.06163333333333343
cbam,clean_trained,contrast,1,0.9204333333333333,0.003679069930778101,0.009400000000000075
cbam,clean_trained,contrast,2,0.8717666666666667,0.009152898751518866,0.05806666666666671
cbam,clean_trained,contrast,3,0.8166666666666667,0.015493080892952062,0.11316666666666675
cbam,clean_trained,contrast,4,0.6929333333333334,0.033497893797802984,0.2369
cbam,clean_trained,contrast,5,0.29416666666666663,0.017043930167527553,0.6356666666666668
cbam,clean_trained,defocus_blur,1,0.9266666666666666,0.0016213848676020506,0.003166666666666762
cbam,clean_trained,defocus_blur,2,0.9076,0.0025573423705088634,0.022233333333333438
cbam,clean_trained,defocus_blur,3,0.8386666666666667,0.0015923427883328051,0.09116666666666673
cbam,clean_trained,defocus_blur,4,0.7258666666666667,0.0068597052090855455,0.20396666666666674
cbam,clean_trained,defocus_blur,5,0.4859,0.019098167451355133,0.4439333333333334
cbam,clean_trained,elastic_transform,1,0.8684333333333333,0.00338854278742684,0.06140000000000012
cbam,clean_trained,elastic_transform,2,0.8638666666666667,0.005839139967114631,0.06596666666666673
cbam,clean_trained,elastic_transform,3,0.8134666666666667,0.0037950259843935494,0.11636666666666673
cbam,clean_trained,elastic_transform,4,0.7271666666666666,0.006736138029728602,0.20266666666666677
cbam,clean_trained,elastic_transform,5,0.6691666666666667,0.008860524188155488,0.2606666666666667
cbam,clean_trained,ALL_CORRUPTIONS,0,0.79801,0.16035329816793084,0.1318233333333334
cbam,corrupted_trained,brightness,1,0.9305666666666667,0.0008055363982396322,-0.0017666666666666941
cbam,corrupted_trained,brightness,2,0.9304333333333333,0.000524933858267448,-0.0016333333333333755
cbam,corrupted_trained,brightness,3,0.9279666666666666,0.0008259674462242714,0.0008333333333333526
cbam,corrupted_trained,brightness,4,0.9249666666666667,0.0019601587237318596,0.0038333333333332442
cbam,corrupted_trained,brightness,5,0.9171,0.002628053779256923,0.011699999999999933
cbam,corrupted_trained,contrast,1,0.9310666666666667,0.001114550233153378,-0.00226666666666675
cbam,corrupted_trained,contrast,2,0.9306,0.000668331255192129,-0.0018000000000000238
cbam,corrupted_trained,contrast,3,0.9293666666666667,0.001211977264179861,-0.0005666666666667153
cbam,corrupted_trained,contrast,4,0.9279333333333333,0.0014197026292697712,0.0008666666666666822
cbam,corrupted_trained,contrast,5,0.9179999999999999,0.0008485281374238683,0.010800000000000032
cbam,corrupted_trained,defocus_blur,1,0.9304333333333333,0.0007039570693981077,-0.0016333333333333755
cbam,corrupted_trained,defocus_blur,2,0.9303,0.0017720045146669258,-0.0015000000000000568
cbam,corrupted_trained,defocus_blur,3,0.9277,0.0008602325267042583,0.0010999999999999899
cbam,corrupted_trained,defocus_blur,4,0.9203666666666667,0.0011323525167642155,0.008433333333333293
cbam,corrupted_trained,defocus_blur,5,0.9031,0.0007257180352359149,0.025699999999999945
cbam,corrupted_trained,elastic_transform,1,0.9117333333333334,0.0006236095644623044,0.017066666666666563
cbam,corrupted_trained,elastic_transform,2,0.9142,0.0009092121131323798,0.014599999999999946
cbam,corrupted_trained,elastic_transform,3,0.9099666666666667,0.001541283736226221,0.018833333333333258
cbam,corrupted_trained,elastic_transform,4,0.8805999999999999,0.0006377042156569484,0.04820000000000002
cbam,corrupted_trained,elastic_transform,5,0.8408333333333333,0.001342468704373491,0.08796666666666664
cbam,corrupted_trained,ALL_CORRUPTIONS,0,0.9168616666666667,0.021356678047445073,0.011938333333333273
